column,types_seen,files_with_column,files_missing_column,files_with_column_list
Airport_fee,double,34,169,2023-02|2023-03|2023-04|2023-05|2023-06|2023-07|2023-08|2023-09|2023-10|2023-11|2023-12|2024-01|2024-02|2024-03|2024-04|2024-05|2024-06|2024-07|2024-08|2024-09|2024-10|2024-11|2024-12|2025-01|2025-02|2025-03|2025-04|2025-05|2025-06|2025-07|2025-08|2025-09|2025-10|2025-11
DOLocationID,int32|int64,179,24,2011-01|2011-02|2011-03|2011-04|2011-05|2011-06|2011-07|2011-08|2011-09|2011-10|2011-11|2011-12|2012-01|2012-02|2012-03|2012-04|2012-05|2012-06|2012-07|2012-08|2012-09|2012-10|2012-11|2012-12|2013-01|2013-02|2013-03|2013-04|2013-05|2013-06|2013-07|2013-08|2013-09|2013-10|2013-11|2013-12|2014-01|2014-02|2014-03|2014-04|2014-05|2014-06|2014-07|2014-08|2014-09|2014-10|2014-11|2014-12|2015-01|2015-02|2015-03|2015-04|2015-05|2015-06|2015-07|2015-08|2015-09|2015-10|2015-11|2015-12|2016-01|2016-02|2016-03|2016-04|2016-05|2016-06|2016-07|2016-08|2016-09|2016-10|2016-11|2016-12|2017-01|2017-02|2017-03|2017-04|2017-05|2017-06|2017-07|2017-08|2017-09|2017-10|2017-11|2017-12|2018-01|2018-02|2018-03|2018-04|2018-05|2018-06|2018-07|2018-08|2018-09|2018-10|2018-11|2018-12|2019-01|2019-02|2019-03|2019-04|2019-05|2019-06|2019-07|2019-08|2019-09|2019-10|2019-11|2019-12|2020-01|2020-02|2020-03|2020-04|2020-05|2020-06|2020-07|2020-08|2020-09|2020-10|2020-11|2020-12|2021-01|2021-02|2021-03|2021-04|2021-05|2021-06|2021-07|2021-08|2021-09|2021-10|2021-11|2021-12|2022-01|2022-02|2022-03|2022-04|2022-05|2022-06|2022-07|2022-08|2022-09|2022-10|2022-11|2022-12|2023-01|2023-02|2023-03|2023-04|2023-05|2023-06|2023-07|2023-08|2023-09|2023-10|2023-11|2023-12|2024-01|2024-02|2024-03|2024-04|2024-05|2024-06|2024-07|2024-08|2024-09|2024-10|2024-11|2024-12|2025-01|2025-02|2025-03|2025-04|2025-05|2025-06|2025-07|2025-08|2025-09|2025-10|2025-11
End_Lat,double,12,191,2009-01|2009-02|2009-03|2009-04|2009-05|2009-06|2009-07|2009-08|2009-09|2009-10|2009-11|2009-12
End_Lon,double,12,191,2009-01|2009-02|2009-03|2009-04|2009-05|2009-06|2009-07|2009-08|2009-09|2009-10|2009-11|2009-12
Fare_Amt,double,12,191,2009-01|2009-02|2009-03|2009-04|2009-05|2009-06|2009-07|2009-08|2009-09|2009-10|2009-11|2009-12
PULocationID,int32|int64,179,24,2011-01|2011-02|2011-03|2011-04|2011-05|2011-06|2011-07|2011-08|2011-09|2011-10|2011-11|2011-12|2012-01|2012-02|2012-03|2012-04|2012-05|2012-06|2012-07|2012-08|2012-09|2012-10|2012-11|2012-12|2013-01|2013-02|2013-03|2013-04|2013-05|2013-06|2013-07|2013-08|2013-09|2013-10|2013-11|2013-12|2014-01|2014-02|2014-03|2014-04|2014-05|2014-06|2014-07|2014-08|2014-09|2014-10|2014-11|2014-12|2015-01|2015-02|2015-03|2015-04|2015-05|2015-06|2015-07|2015-08|2015-09|2015-10|2015-11|2015-12|2016-01|2016-02|2016-03|2016-04|2016-05|2016-06|2016-07|2016-08|2016-09|2016-10|2016-11|2016-12|2017-01|2017-02|2017-03|2017-04|2017-05|2017-06|2017-07|2017-08|2017-09|2017-10|2017-11|2017-12|2018-01|2018-02|2018-03|2018-04|2018-05|2018-06|2018-07|2018-08|2018-09|2018-10|2018-11|2018-12|2019-01|2019-02|2019-03|2019-04|2019-05|2019-06|2019-07|2019-08|2019-09|2019-10|2019-11|2019-12|2020-01|2020-02|2020-03|2020-04|2020-05|2020-06|2020-07|2020-08|2020-09|2020-10|2020-11|2020-12|2021-01|2021-02|2021-03|2021-04|2021-05|2021-06|2021-07|2021-08|2021-09|2021-10|2021-11|2021-12|2022-01|2022-02|2022-03|2022-04|2022-05|2022-06|2022-07|2022-08|2022-09|2022-10|2022-11|2022-12|2023-01|2023-02|2023-03|2023-04|2023-05|2023-06|2023-07|2023-08|2023-09|2023-10|2023-11|2023-12|2024-01|2024-02|2024-03|2024-04|2024-05|2024-06|2024-07|2024-08|2024-09|2024-10|2024-11|2024-12|2025-01|2025-02|2025-03|2025-04|2025-05|2025-06|2025-07|2025-08|2025-09|2025-10|2025-11
Passenger_Count,int64,12,191,2009-01|2009-02|2009-03|2009-04|2009-05|2009-06|2009-07|2009-08|2009-09|2009-10|2009-11|2009-12
Payment_Type,string,12,191,2009-01|2009-02|2009-03|2009-04|2009-05|2009-06|2009-07|2009-08|2009-09|2009-10|2009-11|2009-12
Rate_Code,double,12,191,2009-01|2009-02|2009-03|2009-04|2009-05|2009-06|2009-07|2009-08|2009-09|2009-10|2009-11|2009-12
RatecodeID,double|int64,179,24,2011-01|2011-02|2011-03|2011-04|2011-05|2011-06|2011-07|2011-08|2011-09|2011-10|2011-11|2011-12|2012-01|2012-02|2012-03|2012-04|2012-05|2012-06|2012-07|2012-08|2012-09|2012-10|2012-11|2012-12|2013-01|2013-02|2013-03|2013-04|2013-05|2013-06|2013-07|2013-08|2013-09|2013-10|2013-11|2013-12|2014-01|2014-02|2014-03|2014-04|2014-05|2014-06|2014-07|2014-08|2014-09|2014-10|2014-11|2014-12|2015-01|2015-02|2015-03|2015-04|2015-05|2015-06|2015-07|2015-08|2015-09|2015-10|2015-11|2015-12|2016-01|2016-02|2016-03|2016-04|2016-05|2016-06|2016-07|2016-08|2016-09|2016-10|2016-11|2016-12|2017-01|2017-02|2017-03|2017-04|2017-05|2017-06|2017-07|2017-08|2017-09|2017-10|2017-11|2017-12|2018-01|2018-02|2018-03|2018-04|2018-05|2018-06|2018-07|2018-08|2018-09|2018-10|2018-11|2018-12|2019-01|2019-02|2019-03|2019-04|2019-05|2019-06|2019-07|2019-08|2019-09|2019-10|2019-11|2019-12|2020-01|2020-02|2020-03|2020-04|2020-05|2020-06|2020-07|2020-08|2020-09|2020-10|2020-11|2020-12|2021-01|2021-02|2021-03|2021-04|2021-05|2021-06|2021-07|2021-08|2021-09|2021-10|2021-11|2021-12|2022-01|2022-02|2022-03|2022-04|2022-05|2022-06|2022-07|2022-08|2022-09|2022-10|2022-11|2022-12|2023-01|2023-02|2023-03|2023-04|2023-05|2023-06|2023-07|2023-08|2023-09|2023-10|2023-11|2023-12|2024-01|2024-02|2024-03|2024-04|2024-05|2024-06|2024-07|2024-08|2024-09|2024-10|2024-11|2024-12|2025-01|2025-02|2025-03|2025-04|2025-05|2025-06|2025-07|2025-08|2025-09|2025-10|2025-11
Start_Lat,double,12,191,2009-01|2009-02|2009-03|2009-04|2009-05|2009-06|2009-07|2009-08|2009-09|2009-10|2009-11|2009-12
Start_Lon,double,12,191,2009-01|2009-02|2009-03|2009-04|2009-05|2009-06|2009-07|2009-08|2009-09|2009-10|2009-11|2009-12
Tip_Amt,double,12,191,2009-01|2009-02|2009-03|2009-04|2009-05|2009-06|2009-07|2009-08|2009-09|2009-10|2009-11|2009-12
Tolls_Amt,double,12,191,2009-01|2009-02|2009-03|2009-04|2009-05|2009-06|2009-07|2009-08|2009-09|2009-10|2009-11|2009-12
Total_Amt,double,12,191,2009-01|2009-02|2009-03|2009-04|2009-05|2009-06|2009-07|2009-08|2009-09|2009-10|2009-11|2009-12
Trip_Distance,double,12,191,2009-01|2009-02|2009-03|2009-04|2009-05|2009-06|2009-07|2009-08|2009-09|2009-10|2009-11|2009-12
Trip_Dropoff_DateTime,string,12,191,2009-01|2009-02|2009-03|2009-04|2009-05|2009-06|2009-07|2009-08|2009-09|2009-10|2009-11|2009-12
Trip_Pickup_DateTime,string,12,191,2009-01|2009-02|2009-03|2009-04|2009-05|2009-06|2009-07|2009-08|2009-09|2009-10|2009-11|2009-12
VendorID,int32|int64,179,24,2011-01|2011-02|2011-03|2011-04|2011-05|2011-06|2011-07|2011-08|2011-09|2011-10|2011-11|2011-12|2012-01|2012-02|2012-03|2012-04|2012-05|2012-06|2012-07|2012-08|2012-09|2012-10|2012-11|2012-12|2013-01|2013-02|2013-03|2013-04|2013-05|2013-06|2013-07|2013-08|2013-09|2013-10|2013-11|2013-12|2014-01|2014-02|2014-03|2014-04|2014-05|2014-06|2014-07|2014-08|2014-09|2014-10|2014-11|2014-12|2015-01|2015-02|2015-03|2015-04|2015-05|2015-06|2015-07|2015-08|2015-09|2015-10|2015-11|2015-12|2016-01|2016-02|2016-03|2016-04|2016-05|2016-06|2016-07|2016-08|2016-09|2016-10|2016-11|2016-12|2017-01|2017-02|2017-03|2017-04|2017-05|2017-06|2017-07|2017-08|2017-09|2017-10|2017-11|2017-12|2018-01|2018-02|2018-03|2018-04|2018-05|2018-06|2018-07|2018-08|2018-09|2018-10|2018-11|2018-12|2019-01|2019-02|2019-03|2019-04|2019-05|2019-06|2019-07|2019-08|2019-09|2019-10|2019-11|2019-12|2020-01|2020-02|2020-03|2020-04|2020-05|2020-06|2020-07|2020-08|2020-09|2020-10|2020-11|2020-12|2021-01|2021-02|2021-03|2021-04|2021-05|2021-06|2021-07|2021-08|2021-09|2021-10|2021-11|2021-12|2022-01|2022-02|2022-03|2022-04|2022-05|2022-06|2022-07|2022-08|2022-09|2022-10|2022-11|2022-12|2023-01|2023-02|2023-03|2023-04|2023-05|2023-06|2023-07|2023-08|2023-09|2023-10|2023-11|2023-12|2024-01|2024-02|2024-03|2024-04|2024-05|2024-06|2024-07|2024-08|2024-09|2024-10|2024-11|2024-12|2025-01|2025-02|2025-03|2025-04|2025-05|2025-06|2025-07|2025-08|2025-09|2025-10|2025-11
__index_level_0__,int64,2,201,2010-02|2010-03
airport_fee,double|null,145,58,2011-01|2011-02|2011-03|2011-04|2011-05|2011-06|2011-07|2011-08|2011-09|2011-10|2011-11|2011-12|2012-01|2012-02|2012-03|2012-04|2012-05|2012-06|2012-07|2012-08|2012-09|2012-10|2012-11|2012-12|2013-01|2013-02|2013-03|2013-04|2013-05|2013-06|2013-07|2013-08|2013-09|2013-10|2013-11|2013-12|2014-01|2014-02|2014-03|2014-04|2014-05|2014-06|2014-07|2014-08|2014-09|2014-10|2014-11|2014-12|2015-01|2015-02|2015-03|2015-04|2015-05|2015-06|2015-07|2015-08|2015-09|2015-10|2015-11|2015-12|2016-01|2016-02|2016-03|2016-04|2016-05|2016-06|2016-07|2016-08|2016-09|2016-10|2016-11|2016-12|2017-01|2017-02|2017-03|2017-04|2017-05|2017-06|2017-07|2017-08|2017-09|2017-10|2017-11|2017-12|2018-01|2018-02|2018-03|2018-04|2018-05|2018-06|2018-07|2018-08|2018-09|2018-10|2018-11|2018-12|2019-01|2019-02|2019-03|2019-04|2019-05|2019-06|2019-07|2019-08|2019-09|2019-10|2019-11|2019-12|2020-01|2020-02|2020-03|2020-04|2020-05|2020-06|2020-07|2020-08|2020-09|2020-10|2020-11|2020-12|2021-01|2021-02|2021-03|2021-04|2021-05|2021-06|2021-07|2021-08|2021-09|2021-10|2021-11|2021-12|2022-01|2022-02|2022-03|2022-04|2022-05|2022-06|2022-07|2022-08|2022-09|2022-10|2022-11|2022-12|2023-01
cbd_congestion_fee,double,11,192,2025-01|2025-02|2025-03|2025-04|2025-05|2025-06|2025-07|2025-08|2025-09|2025-10|2025-11
congestion_surcharge,double|null,179,24,2011-01|2011-02|2011-03|2011-04|2011-05|2011-06|2011-07|2011-08|2011-09|2011-10|2011-11|2011-12|2012-01|2012-02|2012-03|2012-04|2012-05|2012-06|2012-07|2012-08|2012-09|2012-10|2012-11|2012-12|2013-01|2013-02|2013-03|2013-04|2013-05|2013-06|2013-07|2013-08|2013-09|2013-10|2013-11|2013-12|2014-01|2014-02|2014-03|2014-04|2014-05|2014-06|2014-07|2014-08|2014-09|2014-10|2014-11|2014-12|2015-01|2015-02|2015-03|2015-04|2015-05|2015-06|2015-07|2015-08|2015-09|2015-10|2015-11|2015-12|2016-01|2016-02|2016-03|2016-04|2016-05|2016-06|2016-07|2016-08|2016-09|2016-10|2016-11|2016-12|2017-01|2017-02|2017-03|2017-04|2017-05|2017-06|2017-07|2017-08|2017-09|2017-10|2017-11|2017-12|2018-01|2018-02|2018-03|2018-04|2018-05|2018-06|2018-07|2018-08|2018-09|2018-10|2018-11|2018-12|2019-01|2019-02|2019-03|2019-04|2019-05|2019-06|2019-07|2019-08|2019-09|2019-10|2019-11|2019-12|2020-01|2020-02|2020-03|2020-04|2020-05|2020-06|2020-07|2020-08|2020-09|2020-10|2020-11|2020-12|2021-01|2021-02|2021-03|2021-04|2021-05|2021-06|2021-07|2021-08|2021-09|2021-10|2021-11|2021-12|2022-01|2022-02|2022-03|2022-04|2022-05|2022-06|2022-07|2022-08|2022-09|2022-10|2022-11|2022-12|2023-01|2023-02|2023-03|2023-04|2023-05|2023-06|2023-07|2023-08|2023-09|2023-10|2023-11|2023-12|2024-01|2024-02|2024-03|2024-04|2024-05|2024-06|2024-07|2024-08|2024-09|2024-10|2024-11|2024-12|2025-01|2025-02|2025-03|2025-04|2025-05|2025-06|2025-07|2025-08|2025-09|2025-10|2025-11
dropoff_datetime,string,12,191,2010-01|2010-02|2010-03|2010-04|2010-05|2010-06|2010-07|2010-08|2010-09|2010-10|2010-11|2010-12
dropoff_latitude,double,12,191,2010-01|2010-02|2010-03|2010-04|2010-05|2010-06|2010-07|2010-08|2010-09|2010-10|2010-11|2010-12
dropoff_longitude,double,12,191,2010-01|2010-02|2010-03|2010-04|2010-05|2010-06|2010-07|2010-08|2010-09|2010-10|2010-11|2010-12
extra,double,179,24,2011-01|2011-02|2011-03|2011-04|2011-05|2011-06|2011-07|2011-08|2011-09|2011-10|2011-11|2011-12|2012-01|2012-02|2012-03|2012-04|2012-05|2012-06|2012-07|2012-08|2012-09|2012-10|2012-11|2012-12|2013-01|2013-02|2013-03|2013-04|2013-05|2013-06|2013-07|2013-08|2013-09|2013-10|2013-11|2013-12|2014-01|2014-02|2014-03|2014-04|2014-05|2014-06|2014-07|2014-08|2014-09|2014-10|2014-11|2014-12|2015-01|2015-02|2015-03|2015-04|2015-05|2015-06|2015-07|2015-08|2015-09|2015-10|2015-11|2015-12|2016-01|2016-02|2016-03|2016-04|2016-05|2016-06|2016-07|2016-08|2016-09|2016-10|2016-11|2016-12|2017-01|2017-02|2017-03|2017-04|2017-05|2017-06|2017-07|2017-08|2017-09|2017-10|2017-11|2017-12|2018-01|2018-02|2018-03|2018-04|2018-05|2018-06|2018-07|2018-08|2018-09|2018-10|2018-11|2018-12|2019-01|2019-02|2019-03|2019-04|2019-05|2019-06|2019-07|2019-08|2019-09|2019-10|2019-11|2019-12|2020-01|2020-02|2020-03|2020-04|2020-05|2020-06|2020-07|2020-08|2020-09|2020-10|2020-11|2020-12|2021-01|2021-02|2021-03|2021-04|2021-05|2021-06|2021-07|2021-08|2021-09|2021-10|2021-11|2021-12|2022-01|2022-02|2022-03|2022-04|2022-05|2022-06|2022-07|2022-08|2022-09|2022-10|2022-11|2022-12|2023-01|2023-02|2023-03|2023-04|2023-05|2023-06|2023-07|2023-08|2023-09|2023-10|2023-11|2023-12|2024-01|2024-02|2024-03|2024-04|2024-05|2024-06|2024-07|2024-08|2024-09|2024-10|2024-11|2024-12|2025-01|2025-02|2025-03|2025-04|2025-05|2025-06|2025-07|2025-08|2025-09|2025-10|2025-11
fare_amount,double,191,12,2010-01|2010-02|2010-03|2010-04|2010-05|2010-06|2010-07|2010-08|2010-09|2010-10|2010-11|2010-12|2011-01|2011-02|2011-03|2011-04|2011-05|2011-06|2011-07|2011-08|2011-09|2011-10|2011-11|2011-12|2012-01|2012-02|2012-03|2012-04|2012-05|2012-06|2012-07|2012-08|2012-09|2012-10|2012-11|2012-12|2013-01|2013-02|2013-03|2013-04|2013-05|2013-06|2013-07|2013-08|2013-09|2013-10|2013-11|2013-12|2014-01|2014-02|2014-03|2014-04|2014-05|2014-06|2014-07|2014-08|2014-09|2014-10|2014-11|2014-12|2015-01|2015-02|2015-03|2015-04|2015-05|2015-06|2015-07|2015-08|2015-09|2015-10|2015-11|2015-12|2016-01|2016-02|2016-03|2016-04|2016-05|2016-06|2016-07|2016-08|2016-09|2016-10|2016-11|2016-12|2017-01|2017-02|2017-03|2017-04|2017-05|2017-06|2017-07|2017-08|2017-09|2017-10|2017-11|2017-12|2018-01|2018-02|2018-03|2018-04|2018-05|2018-06|2018-07|2018-08|2018-09|2018-10|2018-11|2018-12|2019-01|2019-02|2019-03|2019-04|2019-05|2019-06|2019-07|2019-08|2019-09|2019-10|2019-11|2019-12|2020-01|2020-02|2020-03|2020-04|2020-05|2020-06|2020-07|2020-08|2020-09|2020-10|2020-11|2020-12|2021-01|2021-02|2021-03|2021-04|2021-05|2021-06|2021-07|2021-08|2021-09|2021-10|2021-11|2021-12|2022-01|2022-02|2022-03|2022-04|2022-05|2022-06|2022-07|2022-08|2022-09|2022-10|2022-11|2022-12|2023-01|2023-02|2023-03|2023-04|2023-05|2023-06|2023-07|2023-08|2023-09|2023-10|2023-11|2023-12|2024-01|2024-02|2024-03|2024-04|2024-05|2024-06|2024-07|2024-08|2024-09|2024-10|2024-11|2024-12|2025-01|2025-02|2025-03|2025-04|2025-05|2025-06|2025-07|2025-08|2025-09|2025-10|2025-11
improvement_surcharge,double|null,179,24,2011-01|2011-02|2011-03|2011-04|2011-05|2011-06|2011-07|2011-08|2011-09|2011-10|2011-11|2011-12|2012-01|2012-02|2012-03|2012-04|2012-05|2012-06|2012-07|2012-08|2012-09|2012-10|2012-11|2012-12|2013-01|2013-02|2013-03|2013-04|2013-05|2013-06|2013-07|2013-08|2013-09|2013-10|2013-11|2013-12|2014-01|2014-02|2014-03|2014-04|2014-05|2014-06|2014-07|2014-08|2014-09|2014-10|2014-11|2014-12|2015-01|2015-02|2015-03|2015-04|2015-05|2015-06|2015-07|2015-08|2015-09|2015-10|2015-11|2015-12|2016-01|2016-02|2016-03|2016-04|2016-05|2016-06|2016-07|2016-08|2016-09|2016-10|2016-11|2016-12|2017-01|2017-02|2017-03|2017-04|2017-05|2017-06|2017-07|2017-08|2017-09|2017-10|2017-11|2017-12|2018-01|2018-02|2018-03|2018-04|2018-05|2018-06|2018-07|2018-08|2018-09|2018-10|2018-11|2018-12|2019-01|2019-02|2019-03|2019-04|2019-05|2019-06|2019-07|2019-08|2019-09|2019-10|2019-11|2019-12|2020-01|2020-02|2020-03|2020-04|2020-05|2020-06|2020-07|2020-08|2020-09|2020-10|2020-11|2020-12|2021-01|2021-02|2021-03|2021-04|2021-05|2021-06|2021-07|2021-08|2021-09|2021-10|2021-11|2021-12|2022-01|2022-02|2022-03|2022-04|2022-05|2022-06|2022-07|2022-08|2022-09|2022-10|2022-11|2022-12|2023-01|2023-02|2023-03|2023-04|2023-05|2023-06|2023-07|2023-08|2023-09|2023-10|2023-11|2023-12|2024-01|2024-02|2024-03|2024-04|2024-05|2024-06|2024-07|2024-08|2024-09|2024-10|2024-11|2024-12|2025-01|2025-02|2025-03|2025-04|2025-05|2025-06|2025-07|2025-08|2025-09|2025-10|2025-11
mta_tax,double,203,0,2009-01|2009-02|2009-03|2009-04|2009-05|2009-06|2009-07|2009-08|2009-09|2009-10|2009-11|2009-12|2010-01|2010-02|2010-03|2010-04|2010-05|2010-06|2010-07|2010-08|2010-09|2010-10|2010-11|2010-12|2011-01|2011-02|2011-03|2011-04|2011-05|2011-06|2011-07|2011-08|2011-09|2011-10|2011-11|2011-12|2012-01|2012-02|2012-03|2012-04|2012-05|2012-06|2012-07|2012-08|2012-09|2012-10|2012-11|2012-12|2013-01|2013-02|2013-03|2013-04|2013-05|2013-06|2013-07|2013-08|2013-09|2013-10|2013-11|2013-12|2014-01|2014-02|2014-03|2014-04|2014-05|2014-06|2014-07|2014-08|2014-09|2014-10|2014-11|2014-12|2015-01|2015-02|2015-03|2015-04|2015-05|2015-06|2015-07|2015-08|2015-09|2015-10|2015-11|2015-12|2016-01|2016-02|2016-03|2016-04|2016-05|2016-06|2016-07|2016-08|2016-09|2016-10|2016-11|2016-12|2017-01|2017-02|2017-03|2017-04|2017-05|2017-06|2017-07|2017-08|2017-09|2017-10|2017-11|2017-12|2018-01|2018-02|2018-03|2018-04|2018-05|2018-06|2018-07|2018-08|2018-09|2018-10|2018-11|2018-12|2019-01|2019-02|2019-03|2019-04|2019-05|2019-06|2019-07|2019-08|2019-09|2019-10|2019-11|2019-12|2020-01|2020-02|2020-03|2020-04|2020-05|2020-06|2020-07|2020-08|2020-09|2020-10|2020-11|2020-12|2021-01|2021-02|2021-03|2021-04|2021-05|2021-06|2021-07|2021-08|2021-09|2021-10|2021-11|2021-12|2022-01|2022-02|2022-03|2022-04|2022-05|2022-06|2022-07|2022-08|2022-09|2022-10|2022-11|2022-12|2023-01|2023-02|2023-03|2023-04|2023-05|2023-06|2023-07|2023-08|2023-09|2023-10|2023-11|2023-12|2024-01|2024-02|2024-03|2024-04|2024-05|2024-06|2024-07|2024-08|2024-09|2024-10|2024-11|2024-12|2025-01|2025-02|2025-03|2025-04|2025-05|2025-06|2025-07|2025-08|2025-09|2025-10|2025-11
passenger_count,double|int64,191,12,2010-01|2010-02|2010-03|2010-04|2010-05|2010-06|2010-07|2010-08|2010-09|2010-10|2010-11|2010-12|2011-01|2011-02|2011-03|2011-04|2011-05|2011-06|2011-07|2011-08|2011-09|2011-10|2011-11|2011-12|2012-01|2012-02|2012-03|2012-04|2012-05|2012-06|2012-07|2012-08|2012-09|2012-10|2012-11|2012-12|2013-01|2013-02|2013-03|2013-04|2013-05|2013-06|2013-07|2013-08|2013-09|2013-10|2013-11|2013-12|2014-01|2014-02|2014-03|2014-04|2014-05|2014-06|2014-07|2014-08|2014-09|2014-10|2014-11|2014-12|2015-01|2015-02|2015-03|2015-04|2015-05|2015-06|2015-07|2015-08|2015-09|2015-10|2015-11|2015-12|2016-01|2016-02|2016-03|2016-04|2016-05|2016-06|2016-07|2016-08|2016-09|2016-10|2016-11|2016-12|2017-01|2017-02|2017-03|2017-04|2017-05|2017-06|2017-07|2017-08|2017-09|2017-10|2017-11|2017-12|2018-01|2018-02|2018-03|2018-04|2018-05|2018-06|2018-07|2018-08|2018-09|2018-10|2018-11|2018-12|2019-01|2019-02|2019-03|2019-04|2019-05|2019-06|2019-07|2019-08|2019-09|2019-10|2019-11|2019-12|2020-01|2020-02|2020-03|2020-04|2020-05|2020-06|2020-07|2020-08|2020-09|2020-10|2020-11|2020-12|2021-01|2021-02|2021-03|2021-04|2021-05|2021-06|2021-07|2021-08|2021-09|2021-10|2021-11|2021-12|2022-01|2022-02|2022-03|2022-04|2022-05|2022-06|2022-07|2022-08|2022-09|2022-10|2022-11|2022-12|2023-01|2023-02|2023-03|2023-04|2023-05|2023-06|2023-07|2023-08|2023-09|2023-10|2023-11|2023-12|2024-01|2024-02|2024-03|2024-04|2024-05|2024-06|2024-07|2024-08|2024-09|2024-10|2024-11|2024-12|2025-01|2025-02|2025-03|2025-04|2025-05|2025-06|2025-07|2025-08|2025-09|2025-10|2025-11
payment_type,int64|string,191,12,2010-01|2010-02|2010-03|2010-04|2010-05|2010-06|2010-07|2010-08|2010-09|2010-10|2010-11|2010-12|2011-01|2011-02|2011-03|2011-04|2011-05|2011-06|2011-07|2011-08|2011-09|2011-10|2011-11|2011-12|2012-01|2012-02|2012-03|2012-04|2012-05|2012-06|2012-07|2012-08|2012-09|2012-10|2012-11|2012-12|2013-01|2013-02|2013-03|2013-04|2013-05|2013-06|2013-07|2013-08|2013-09|2013-10|2013-11|2013-12|2014-01|2014-02|2014-03|2014-04|2014-05|2014-06|2014-07|2014-08|2014-09|2014-10|2014-11|2014-12|2015-01|2015-02|2015-03|2015-04|2015-05|2015-06|2015-07|2015-08|2015-09|2015-10|2015-11|2015-12|2016-01|2016-02|2016-03|2016-04|2016-05|2016-06|2016-07|2016-08|2016-09|2016-10|2016-11|2016-12|2017-01|2017-02|2017-03|2017-04|2017-05|2017-06|2017-07|2017-08|2017-09|2017-10|2017-11|2017-12|2018-01|2018-02|2018-03|2018-04|2018-05|2018-06|2018-07|2018-08|2018-09|2018-10|2018-11|2018-12|2019-01|2019-02|2019-03|2019-04|2019-05|2019-06|2019-07|2019-08|2019-09|2019-10|2019-11|2019-12|2020-01|2020-02|2020-03|2020-04|2020-05|2020-06|2020-07|2020-08|2020-09|2020-10|2020-11|2020-12|2021-01|2021-02|2021-03|2021-04|2021-05|2021-06|2021-07|2021-08|2021-09|2021-10|2021-11|2021-12|2022-01|2022-02|2022-03|2022-04|2022-05|2022-06|2022-07|2022-08|2022-09|2022-10|2022-11|2022-12|2023-01|2023-02|2023-03|2023-04|2023-05|2023-06|2023-07|2023-08|2023-09|2023-10|2023-11|2023-12|2024-01|2024-02|2024-03|2024-04|2024-05|2024-06|2024-07|2024-08|2024-09|2024-10|2024-11|2024-12|2025-01|2025-02|2025-03|2025-04|2025-05|2025-06|2025-07|2025-08|2025-09|2025-10|2025-11
pickup_datetime,string,12,191,2010-01|2010-02|2010-03|2010-04|2010-05|2010-06|2010-07|2010-08|2010-09|2010-10|2010-11|2010-12
pickup_latitude,double,12,191,2010-01|2010-02|2010-03|2010-04|2010-05|2010-06|2010-07|2010-08|2010-09|2010-10|2010-11|2010-12
pickup_longitude,double,12,191,2010-01|2010-02|2010-03|2010-04|2010-05|2010-06|2010-07|2010-08|2010-09|2010-10|2010-11|2010-12
rate_code,int64|string,12,191,2010-01|2010-02|2010-03|2010-04|2010-05|2010-06|2010-07|2010-08|2010-09|2010-10|2010-11|2010-12
store_and_forward,double,12,191,2009-01|2009-02|2009-03|2009-04|2009-05|2009-06|2009-07|2009-08|2009-09|2009-10|2009-11|2009-12
store_and_fwd_flag,large_string|string,191,12,2010-01|2010-02|2010-03|2010-04|2010-05|2010-06|2010-07|2010-08|2010-09|2010-10|2010-11|2010-12|2011-01|2011-02|2011-03|2011-04|2011-05|2011-06|2011-07|2011-08|2011-09|2011-10|2011-11|2011-12|2012-01|2012-02|2012-03|2012-04|2012-05|2012-06|2012-07|2012-08|2012-09|2012-10|2012-11|2012-12|2013-01|2013-02|2013-03|2013-04|2013-05|2013-06|2013-07|2013-08|2013-09|2013-10|2013-11|2013-12|2014-01|2014-02|2014-03|2014-04|2014-05|2014-06|2014-07|2014-08|2014-09|2014-10|2014-11|2014-12|2015-01|2015-02|2015-03|2015-04|2015-05|2015-06|2015-07|2015-08|2015-09|2015-10|2015-11|2015-12|2016-01|2016-02|2016-03|2016-04|2016-05|2016-06|2016-07|2016-08|2016-09|2016-10|2016-11|2016-12|2017-01|2017-02|2017-03|2017-04|2017-05|2017-06|2017-07|2017-08|2017-09|2017-10|2017-11|2017-12|2018-01|2018-02|2018-03|2018-04|2018-05|2018-06|2018-07|2018-08|2018-09|2018-10|2018-11|2018-12|2019-01|2019-02|2019-03|2019-04|2019-05|2019-06|2019-07|2019-08|2019-09|2019-10|2019-11|2019-12|2020-01|2020-02|2020-03|2020-04|2020-05|2020-06|2020-07|2020-08|2020-09|2020-10|2020-11|2020-12|2021-01|2021-02|2021-03|2021-04|2021-05|2021-06|2021-07|2021-08|2021-09|2021-10|2021-11|2021-12|2022-01|2022-02|2022-03|2022-04|2022-05|2022-06|2022-07|2022-08|2022-09|2022-10|2022-11|2022-12|2023-01|2023-02|2023-03|2023-04|2023-05|2023-06|2023-07|2023-08|2023-09|2023-10|2023-11|2023-12|2024-01|2024-02|2024-03|2024-04|2024-05|2024-06|2024-07|2024-08|2024-09|2024-10|2024-11|2024-12|2025-01|2025-02|2025-03|2025-04|2025-05|2025-06|2025-07|2025-08|2025-09|2025-10|2025-11
surcharge,double,24,179,2009-01|2009-02|2009-03|2009-04|2009-05|2009-06|2009-07|2009-08|2009-09|2009-10|2009-11|2009-12|2010-01|2010-02|2010-03|2010-04|2010-05|2010-06|2010-07|2010-08|2010-09|2010-10|2010-11|2010-12
tip_amount,double,191,12,2010-01|2010-02|2010-03|2010-04|2010-05|2010-06|2010-07|2010-08|2010-09|2010-10|2010-11|2010-12|2011-01|2011-02|2011-03|2011-04|2011-05|2011-06|2011-07|2011-08|2011-09|2011-10|2011-11|2011-12|2012-01|2012-02|2012-03|2012-04|2012-05|2012-06|2012-07|2012-08|2012-09|2012-10|2012-11|2012-12|2013-01|2013-02|2013-03|2013-04|2013-05|2013-06|2013-07|2013-08|2013-09|2013-10|2013-11|2013-12|2014-01|2014-02|2014-03|2014-04|2014-05|2014-06|2014-07|2014-08|2014-09|2014-10|2014-11|2014-12|2015-01|2015-02|2015-03|2015-04|2015-05|2015-06|2015-07|2015-08|2015-09|2015-10|2015-11|2015-12|2016-01|2016-02|2016-03|2016-04|2016-05|2016-06|2016-07|2016-08|2016-09|2016-10|2016-11|2016-12|2017-01|2017-02|2017-03|2017-04|2017-05|2017-06|2017-07|2017-08|2017-09|2017-10|2017-11|2017-12|2018-01|2018-02|2018-03|2018-04|2018-05|2018-06|2018-07|2018-08|2018-09|2018-10|2018-11|2018-12|2019-01|2019-02|2019-03|2019-04|2019-05|2019-06|2019-07|2019-08|2019-09|2019-10|2019-11|2019-12|2020-01|2020-02|2020-03|2020-04|2020-05|2020-06|2020-07|2020-08|2020-09|2020-10|2020-11|2020-12|2021-01|2021-02|2021-03|2021-04|2021-05|2021-06|2021-07|2021-08|2021-09|2021-10|2021-11|2021-12|2022-01|2022-02|2022-03|2022-04|2022-05|2022-06|2022-07|2022-08|2022-09|2022-10|2022-11|2022-12|2023-01|2023-02|2023-03|2023-04|2023-05|2023-06|2023-07|2023-08|2023-09|2023-10|2023-11|2023-12|2024-01|2024-02|2024-03|2024-04|2024-05|2024-06|2024-07|2024-08|2024-09|2024-10|2024-11|2024-12|2025-01|2025-02|2025-03|2025-04|2025-05|2025-06|2025-07|2025-08|2025-09|2025-10|2025-11
tolls_amount,double,191,12,2010-01|2010-02|2010-03|2010-04|2010-05|2010-06|2010-07|2010-08|2010-09|2010-10|2010-11|2010-12|2011-01|2011-02|2011-03|2011-04|2011-05|2011-06|2011-07|2011-08|2011-09|2011-10|2011-11|2011-12|2012-01|2012-02|2012-03|2012-04|2012-05|2012-06|2012-07|2012-08|2012-09|2012-10|2012-11|2012-12|2013-01|2013-02|2013-03|2013-04|2013-05|2013-06|2013-07|2013-08|2013-09|2013-10|2013-11|2013-12|2014-01|2014-02|2014-03|2014-04|2014-05|2014-06|2014-07|2014-08|2014-09|2014-10|2014-11|2014-12|2015-01|2015-02|2015-03|2015-04|2015-05|2015-06|2015-07|2015-08|2015-09|2015-10|2015-11|2015-12|2016-01|2016-02|2016-03|2016-04|2016-05|2016-06|2016-07|2016-08|2016-09|2016-10|2016-11|2016-12|2017-01|2017-02|2017-03|2017-04|2017-05|2017-06|2017-07|2017-08|2017-09|2017-10|2017-11|2017-12|2018-01|2018-02|2018-03|2018-04|2018-05|2018-06|2018-07|2018-08|2018-09|2018-10|2018-11|2018-12|2019-01|2019-02|2019-03|2019-04|2019-05|2019-06|2019-07|2019-08|2019-09|2019-10|2019-11|2019-12|2020-01|2020-02|2020-03|2020-04|2020-05|2020-06|2020-07|2020-08|2020-09|2020-10|2020-11|2020-12|2021-01|2021-02|2021-03|2021-04|2021-05|2021-06|2021-07|2021-08|2021-09|2021-10|2021-11|2021-12|2022-01|2022-02|2022-03|2022-04|2022-05|2022-06|2022-07|2022-08|2022-09|2022-10|2022-11|2022-12|2023-01|2023-02|2023-03|2023-04|2023-05|2023-06|2023-07|2023-08|2023-09|2023-10|2023-11|2023-12|2024-01|2024-02|2024-03|2024-04|2024-05|2024-06|2024-07|2024-08|2024-09|2024-10|2024-11|2024-12|2025-01|2025-02|2025-03|2025-04|2025-05|2025-06|2025-07|2025-08|2025-09|2025-10|2025-11
total_amount,double,191,12,2010-01|2010-02|2010-03|2010-04|2010-05|2010-06|2010-07|2010-08|2010-09|2010-10|2010-11|2010-12|2011-01|2011-02|2011-03|2011-04|2011-05|2011-06|2011-07|2011-08|2011-09|2011-10|2011-11|2011-12|2012-01|2012-02|2012-03|2012-04|2012-05|2012-06|2012-07|2012-08|2012-09|2012-10|2012-11|2012-12|2013-01|2013-02|2013-03|2013-04|2013-05|2013-06|2013-07|2013-08|2013-09|2013-10|2013-11|2013-12|2014-01|2014-02|2014-03|2014-04|2014-05|2014-06|2014-07|2014-08|2014-09|2014-10|2014-11|2014-12|2015-01|2015-02|2015-03|2015-04|2015-05|2015-06|2015-07|2015-08|2015-09|2015-10|2015-11|2015-12|2016-01|2016-02|2016-03|2016-04|2016-05|2016-06|2016-07|2016-08|2016-09|2016-10|2016-11|2016-12|2017-01|2017-02|2017-03|2017-04|2017-05|2017-06|2017-07|2017-08|2017-09|2017-10|2017-11|2017-12|2018-01|2018-02|2018-03|2018-04|2018-05|2018-06|2018-07|2018-08|2018-09|2018-10|2018-11|2018-12|2019-01|2019-02|2019-03|2019-04|2019-05|2019-06|2019-07|2019-08|2019-09|2019-10|2019-11|2019-12|2020-01|2020-02|2020-03|2020-04|2020-05|2020-06|2020-07|2020-08|2020-09|2020-10|2020-11|2020-12|2021-01|2021-02|2021-03|2021-04|2021-05|2021-06|2021-07|2021-08|2021-09|2021-10|2021-11|2021-12|2022-01|2022-02|2022-03|2022-04|2022-05|2022-06|2022-07|2022-08|2022-09|2022-10|2022-11|2022-12|2023-01|2023-02|2023-03|2023-04|2023-05|2023-06|2023-07|2023-08|2023-09|2023-10|2023-11|2023-12|2024-01|2024-02|2024-03|2024-04|2024-05|2024-06|2024-07|2024-08|2024-09|2024-10|2024-11|2024-12|2025-01|2025-02|2025-03|2025-04|2025-05|2025-06|2025-07|2025-08|2025-09|2025-10|2025-11
tpep_dropoff_datetime,timestamp[us],179,24,2011-01|2011-02|2011-03|2011-04|2011-05|2011-06|2011-07|2011-08|2011-09|2011-10|2011-11|2011-12|2012-01|2012-02|2012-03|2012-04|2012-05|2012-06|2012-07|2012-08|2012-09|2012-10|2012-11|2012-12|2013-01|2013-02|2013-03|2013-04|2013-05|2013-06|2013-07|2013-08|2013-09|2013-10|2013-11|2013-12|2014-01|2014-02|2014-03|2014-04|2014-05|2014-06|2014-07|2014-08|2014-09|2014-10|2014-11|2014-12|2015-01|2015-02|2015-03|2015-04|2015-05|2015-06|2015-07|2015-08|2015-09|2015-10|2015-11|2015-12|2016-01|2016-02|2016-03|2016-04|2016-05|2016-06|2016-07|2016-08|2016-09|2016-10|2016-11|2016-12|2017-01|2017-02|2017-03|2017-04|2017-05|2017-06|2017-07|2017-08|2017-09|2017-10|2017-11|2017-12|2018-01|2018-02|2018-03|2018-04|2018-05|2018-06|2018-07|2018-08|2018-09|2018-10|2018-11|2018-12|2019-01|2019-02|2019-03|2019-04|2019-05|2019-06|2019-07|2019-08|2019-09|2019-10|2019-11|2019-12|2020-01|2020-02|2020-03|2020-04|2020-05|2020-06|2020-07|2020-08|2020-09|2020-10|2020-11|2020-12|2021-01|2021-02|2021-03|2021-04|2021-05|2021-06|2021-07|2021-08|2021-09|2021-10|2021-11|2021-12|2022-01|2022-02|2022-03|2022-04|2022-05|2022-06|2022-07|2022-08|2022-09|2022-10|2022-11|2022-12|2023-01|2023-02|2023-03|2023-04|2023-05|2023-06|2023-07|2023-08|2023-09|2023-10|2023-11|2023-12|2024-01|2024-02|2024-03|2024-04|2024-05|2024-06|2024-07|2024-08|2024-09|2024-10|2024-11|2024-12|2025-01|2025-02|2025-03|2025-04|2025-05|2025-06|2025-07|2025-08|2025-09|2025-10|2025-11
tpep_pickup_datetime,timestamp[us],179,24,2011-01|2011-02|2011-03|2011-04|2011-05|2011-06|2011-07|2011-08|2011-09|2011-10|2011-11|2011-12|2012-01|2012-02|2012-03|2012-04|2012-05|2012-06|2012-07|2012-08|2012-09|2012-10|2012-11|2012-12|2013-01|2013-02|2013-03|2013-04|2013-05|2013-06|2013-07|2013-08|2013-09|2013-10|2013-11|2013-12|2014-01|2014-02|2014-03|2014-04|2014-05|2014-06|2014-07|2014-08|2014-09|2014-10|2014-11|2014-12|2015-01|2015-02|2015-03|2015-04|2015-05|2015-06|2015-07|2015-08|2015-09|2015-10|2015-11|2015-12|2016-01|2016-02|2016-03|2016-04|2016-05|2016-06|2016-07|2016-08|2016-09|2016-10|2016-11|2016-12|2017-01|2017-02|2017-03|2017-04|2017-05|2017-06|2017-07|2017-08|2017-09|2017-10|2017-11|2017-12|2018-01|2018-02|2018-03|2018-04|2018-05|2018-06|2018-07|2018-08|2018-09|2018-10|2018-11|2018-12|2019-01|2019-02|2019-03|2019-04|2019-05|2019-06|2019-07|2019-08|2019-09|2019-10|2019-11|2019-12|2020-01|2020-02|2020-03|2020-04|2020-05|2020-06|2020-07|2020-08|2020-09|2020-10|2020-11|2020-12|2021-01|2021-02|2021-03|2021-04|2021-05|2021-06|2021-07|2021-08|2021-09|2021-10|2021-11|2021-12|2022-01|2022-02|2022-03|2022-04|2022-05|2022-06|2022-07|2022-08|2022-09|2022-10|2022-11|2022-12|2023-01|2023-02|2023-03|2023-04|2023-05|2023-06|2023-07|2023-08|2023-09|2023-10|2023-11|2023-12|2024-01|2024-02|2024-03|2024-04|2024-05|2024-06|2024-07|2024-08|2024-09|2024-10|2024-11|2024-12|2025-01|2025-02|2025-03|2025-04|2025-05|2025-06|2025-07|2025-08|2025-09|2025-10|2025-11
trip_distance,double,191,12,2010-01|2010-02|2010-03|2010-04|2010-05|2010-06|2010-07|2010-08|2010-09|2010-10|2010-11|2010-12|2011-01|2011-02|2011-03|2011-04|2011-05|2011-06|2011-07|2011-08|2011-09|2011-10|2011-11|2011-12|2012-01|2012-02|2012-03|2012-04|2012-05|2012-06|2012-07|2012-08|2012-09|2012-10|2012-11|2012-12|2013-01|2013-02|2013-03|2013-04|2013-05|2013-06|2013-07|2013-08|2013-09|2013-10|2013-11|2013-12|2014-01|2014-02|2014-03|2014-04|2014-05|2014-06|2014-07|2014-08|2014-09|2014-10|2014-11|2014-12|2015-01|2015-02|2015-03|2015-04|2015-05|2015-06|2015-07|2015-08|2015-09|2015-10|2015-11|2015-12|2016-01|2016-02|2016-03|2016-04|2016-05|2016-06|2016-07|2016-08|2016-09|2016-10|2016-11|2016-12|2017-01|2017-02|2017-03|2017-04|2017-05|2017-06|2017-07|2017-08|2017-09|2017-10|2017-11|2017-12|2018-01|2018-02|2018-03|2018-04|2018-05|2018-06|2018-07|2018-08|2018-09|2018-10|2018-11|2018-12|2019-01|2019-02|2019-03|2019-04|2019-05|2019-06|2019-07|2019-08|2019-09|2019-10|2019-11|2019-12|2020-01|2020-02|2020-03|2020-04|2020-05|2020-06|2020-07|2020-08|2020-09|2020-10|2020-11|2020-12|2021-01|2021-02|2021-03|2021-04|2021-05|2021-06|2021-07|2021-08|2021-09|2021-10|2021-11|2021-12|2022-01|2022-02|2022-03|2022-04|2022-05|2022-06|2022-07|2022-08|2022-09|2022-10|2022-11|2022-12|2023-01|2023-02|2023-03|2023-04|2023-05|2023-06|2023-07|2023-08|2023-09|2023-10|2023-11|2023-12|2024-01|2024-02|2024-03|2024-04|2024-05|2024-06|2024-07|2024-08|2024-09|2024-10|2024-11|2024-12|2025-01|2025-02|2025-03|2025-04|2025-05|2025-06|2025-07|2025-08|2025-09|2025-10|2025-11
vendor_id,string,12,191,2010-01|2010-02|2010-03|2010-04|2010-05|2010-06|2010-07|2010-08|2010-09|2010-10|2010-11|2010-12
vendor_name,string,12,191,2009-01|2009-02|2009-03|2009-04|2009-05|2009-06|2009-07|2009-08|2009-09|2009-10|2009-11|2009-12
